,Domain,Kingdom,Phylum,Class,Order,Family,Genus,Species,Subspecies
OTU_ 1 Symbiodinium C1,Eukaryota,Chromalveolata,Dinoflagellata,Dinophyceae,Suessiales,Symbiodiniaceae,Symbiodinium,C,C1
OTU_ 2 Symbiodinium D1,Eukaryota,Chromalveolata,Dinoflagellata,Dinophyceae,Suessiales,Symbiodiniaceae,Symbiodinium,D,D1
OTU_ 3 Symbiodinium A3,Eukaryota,Chromalveolata,Dinoflagellata,Dinophyceae,Suessiales,Symbiodiniaceae,Symbiodinium,A,A3
OTU_ 4 Uncultured organism,Eukaryota,NA,NA,NA,NA,NA,NA,NA,NA
OTU_ 5 Uncultured organism,Eukaryota,NA,NA,NA,NA,NA,NA,NA,NA
OTU_ 6 Symbiodinium D1a,Eukaryota,Chromalveolata,Dinoflagellata,Dinophyceae,Suessiales,Symbiodiniaceae,Symbiodinium,D,D1a
OTU_ 7 Symbiodinium microadriaticum,Eukaryota,Chromalveolata,Dinoflagellata,Dinophyceae,Suessiales,Symbiodiniaceae,Symbiodinium,A,microadriaticum
OTU_ 8 Symbiodinium G6,Eukaryota,Chromalveolata,Dinoflagellata,Dinophyceae,Suessiales,Symbiodiniaceae,Symbiodinium,G,G6
OTU_ 9 Uncultured eukaryote,Eukaryota,NA,NA,NA,NA,NA,NA,NA,NA
OTU_ 13 Symbiodinium 1635,Eukaryota,Chromalveolata,Dinoflagellata,Dinophyceae,Suessiales,Symbiodiniaceae,Symbiodinium,C,1635
OTU_ 14 Symbiodinium F1,Eukaryota,Chromalveolata,Dinoflagellata,Dinophyceae,Suessiales,Symbiodiniaceae,Symbiodinium,F,F1
OTU_ 15 Uncultured eukaryote,Eukaryota,NA,NA,NA,NA,NA,NA,NA,NA
OTU_ 19 Uncultured eukaryote,Eukaryota,NA,NA,NA,NA,NA,NA,NA,NA
OTU_ 23 Uncultured eukaryote,Eukaryota,NA,NA,NA,NA,NA,NA,NA,NA
OTU_ 24 Symbiodinium HI-0509,Eukaryota,Chromalveolata,Dinoflagellata,Dinophyceae,Suessiales,Symbiodiniaceae,Symbiodinium,A,HI-0509
OTU_ 26 Uncultured eukaryote,Eukaryota,NA,NA,NA,NA,NA,NA,NA,NA
OTU_ 27 Uncultured Symbiodinium,Eukaryota,Chromalveolata,Dinoflagellata,Dinophyceae,Suessiales,Symbiodiniaceae,Symbiodinium,NA,NA
OTU_ 30 Uncultured Symbiodinium,Eukaryota,Chromalveolata,Dinoflagellata,Dinophyceae,Suessiales,Symbiodiniaceae,Symbiodinium,NA,NA
OTU_ 33 Uncultured eukaryote,Eukaryota,NA,NA,NA,NA,NA,NA,NA,NA
OTU_ 35 Uncultured eukaryote,Eukaryota,NA,NA,NA,NA,NA,NA,NA,NA
OTU_ 37 Uncultured soil euk,Eukaryota,NA,NA,NA,NA,NA,NA,NA,NA
OTU_ 41 Uncultured eukaryote,Eukaryota,NA,NA,NA,NA,NA,NA,NA,NA
OTU_ 42 Uncultured eukaryote,Eukaryota,NA,NA,NA,NA,NA,NA,NA,NA
OTU_ 44 Uncultured eukaryote,Eukaryota,NA,NA,NA,NA,NA,NA,NA,NA
OTU_ 45 Symbiodinium B1,Eukaryota,Chromalveolata,Dinoflagellata,Dinophyceae,Suessiales,Symbiodiniaceae,Symbiodinium,B,B1
OTU_ 46 Uncultured eukaryote,Eukaryota,NA,NA,NA,NA,NA,NA,NA,NA
OTU_ 47 Uncultured eukaryote,Eukaryota,NA,NA,NA,NA,NA,NA,NA,NA
OTU_ 48 Symbiodinium G3.4,Eukaryota,Chromalveolata,Dinoflagellata,Dinophyceae,Suessiales,Symbiodiniaceae,Symbiodinium,G,G3.4
OTU_ 50 Symbiodinium F5.1,Eukaryota,Chromalveolata,Dinoflagellata,Dinophyceae,Suessiales,Symbiodiniaceae,Symbiodinium,F,F5.1
OTU_ 52 Uncultured eukaryote,Eukaryota,NA,NA,NA,NA,NA,NA,NA,NA
OTU_ 56 Uncultured eukaryote,Eukaryota,NA,NA,NA,NA,NA,NA,NA,NA
OTU_ 57 Symbiodinium A13,Eukaryota,Chromalveolata,Dinoflagellata,Dinophyceae,Suessiales,Symbiodiniaceae,Symbiodinium,A,A13
OTU_ 58 Uncultured organism,Eukaryota,NA,NA,NA,NA,NA,NA,NA,NA
OTU_ 59 Uncultured eukaryote,Eukaryota,NA,NA,NA,NA,NA,NA,NA,NA
OTU_ 61 Uncultured eukaryote,Eukaryota,NA,NA,NA,NA,NA,NA,NA,NA
OTU_ 62 Symbiodinium H1,Eukaryota,Chromalveolata,Dinoflagellata,Dinophyceae,Suessiales,Symbiodiniaceae,Symbiodinium,H,H1
OTU_ 63 Symbiodinium C,Eukaryota,Chromalveolata,Dinoflagellata,Dinophyceae,Suessiales,Symbiodiniaceae,Symbiodinium,C,C
OTU_ 65 Uncultured eukaryote,Eukaryota,NA,NA,NA,NA,NA,NA,NA,NA
OTU_ 66 Symbiodinium JCUSG-1,Eukaryota,Chromalveolata,Dinoflagellata,Dinophyceae,Suessiales,Symbiodiniaceae,Symbiodinium,A,JCUSG-1
OTU_ 68 Symbiodinium G4,Eukaryota,Chromalveolata,Dinoflagellata,Dinophyceae,Suessiales,Symbiodiniaceae,Symbiodinium,G,G4
OTU_ 69 Uncultured eukaryote,Eukaryota,NA,NA,NA,NA,NA,NA,NA,NA
OTU_ 71 Uncultured eukaryote,Eukaryota,NA,NA,NA,NA,NA,NA,NA,NA
OTU_ 75 Uncultured eukaryote,Eukaryota,NA,NA,NA,NA,NA,NA,NA,NA
OTU_ 78 Uncultured eukaryote,Eukaryota,NA,NA,NA,NA,NA,NA,NA,NA
OTU_ 81 Symbiodinium 1363,Eukaryota,Chromalveolata,Dinoflagellata,Dinophyceae,Suessiales,Symbiodiniaceae,Symbiodinium,f,1363
OTU_ 82 Uncultured eukaryote,Eukaryota,NA,NA,NA,NA,NA,NA,NA,NA
OTU_ 89 Symbiodinium D1,Eukaryota,Chromalveolata,Dinoflagellata,Dinophyceae,Suessiales,Symbiodiniaceae,Symbiodinium,D,D1
OTU_ 93 Symbiodinium F4.5,Eukaryota,Chromalveolata,Dinoflagellata,Dinophyceae,Suessiales,Symbiodiniaceae,Symbiodinium,F,F4.5
OTU_ 96 Symbiodinium F3.2,Eukaryota,Chromalveolata,Dinoflagellata,Dinophyceae,Suessiales,Symbiodiniaceae,Symbiodinium,F,F3.2
OTU_ 97 Uncultured eukaryote,Eukaryota,NA,NA,NA,NA,NA,NA,NA,NA
OTU_ 100 Symbiodinium 1363,Eukaryota,Chromalveolata,Dinoflagellata,Dinophyceae,Suessiales,Symbiodiniaceae,Symbiodinium,C,1363
OTU_ 101 Uncultured organism,Eukaryota,NA,NA,NA,NA,NA,NA,NA,NA
OTU_ 102 Symbiodinium 1681,Eukaryota,Chromalveolata,Dinoflagellata,Dinophyceae,Suessiales,Symbiodiniaceae,Symbiodinium,1681,1681
OTU_ 104 Symbiodinium C,Eukaryota,Chromalveolata,Dinoflagellata,Dinophyceae,Suessiales,Symbiodiniaceae,Symbiodinium,C,C
OTU_ 106 Symbiodinium 13467,Eukaryota,Chromalveolata,Dinoflagellata,Dinophyceae,Suessiales,Symbiodiniaceae,Symbiodinium,f,13467
OTU_ 111 Symbiodinium A3,Eukaryota,Chromalveolata,Dinoflagellata,Dinophyceae,Suessiales,Symbiodiniaceae,Symbiodinium,A,A3
OTU_ 114 Uncultured eukaryote,Eukaryota,NA,NA,NA,NA,NA,NA,NA,NA
OTU_ 115 Uncultured eukaryote,Eukaryota,NA,NA,NA,NA,NA,NA,NA,NA
OTU_ 119 Symbiodinium 1631,Eukaryota,Chromalveolata,Dinoflagellata,Dinophyceae,Suessiales,Symbiodiniaceae,Symbiodinium,f,1631
OTU_ 121 Symbiodinium type,Eukaryota,Chromalveolata,Dinoflagellata,Dinophyceae,Suessiales,Symbiodiniaceae,Symbiodinium,C,C
OTU_ 124 Symbiodinium 1635,Eukaryota,Chromalveolata,Dinoflagellata,Dinophyceae,Suessiales,Symbiodiniaceae,Symbiodinium,C,1635
OTU_ 134 Symbiodinium ex,Eukaryota,Chromalveolata,Dinoflagellata,Dinophyceae,Suessiales,Symbiodiniaceae,Symbiodinium,ex,ex
OTU_ 140 Symbiodinium C,Eukaryota,Chromalveolata,Dinoflagellata,Dinophyceae,Suessiales,Symbiodiniaceae,Symbiodinium,C,C
OTU_ 142 Symbiodinium D1a,Eukaryota,Chromalveolata,Dinoflagellata,Dinophyceae,Suessiales,Symbiodiniaceae,Symbiodinium,D,D1a
OTU_ 149 Uncultured organism,Eukaryota,NA,NA,NA,NA,NA,NA,NA,NA
OTU_ 150 Uncultured eukaryote,Eukaryota,NA,NA,NA,NA,NA,NA,NA,NA
OTU_ 151 Uncultured eukaryote,Eukaryota,NA,NA,NA,NA,NA,NA,NA,NA
OTU_ 153 Symbiodinium C,Eukaryota,Chromalveolata,Dinoflagellata,Dinophyceae,Suessiales,Symbiodiniaceae,Symbiodinium,C,C
OTU_ 157 Symbiodinium 1635,Eukaryota,Chromalveolata,Dinoflagellata,Dinophyceae,Suessiales,Symbiodiniaceae,Symbiodinium,C,1635
OTU_ 159 Uncultured eukaryote,Eukaryota,NA,NA,NA,NA,NA,NA,NA,NA
OTU_ 160 Symbiodinium G3.3,Eukaryota,Chromalveolata,Dinoflagellata,Dinophyceae,Suessiales,Symbiodiniaceae,Symbiodinium,G,G3.3
OTU_ 162 Symbiodinium C,Eukaryota,Chromalveolata,Dinoflagellata,Dinophyceae,Suessiales,Symbiodiniaceae,Symbiodinium,C,C
OTU_ 163 Symbiodinium F5.1,Eukaryota,Chromalveolata,Dinoflagellata,Dinophyceae,Suessiales,Symbiodiniaceae,Symbiodinium,f,F5.1
OTU_ 173 Symbiodinium F5.1,Eukaryota,Chromalveolata,Dinoflagellata,Dinophyceae,Suessiales,Symbiodiniaceae,Symbiodinium,F,F5.1
OTU_ 175 Symbiodinium B16,Eukaryota,Chromalveolata,Dinoflagellata,Dinophyceae,Suessiales,Symbiodiniaceae,Symbiodinium,B,B16
OTU_ 180 Uncultured eukaryote,Eukaryota,NA,NA,NA,NA,NA,NA,NA,NA
OTU_ 181 Uncultured Symbiodinium,Eukaryota,Chromalveolata,Dinoflagellata,Dinophyceae,Suessiales,Symbiodiniaceae,Symbiodinium,NA,NA
OTU_ 182 Uncultured eukaryote,Eukaryota,NA,NA,NA,NA,NA,NA,NA,NA
OTU_ 187 Uncultured organism,Eukaryota,NA,NA,NA,NA,NA,NA,NA,NA
OTU_ 190 Uncultured Symbiodinium,Eukaryota,Chromalveolata,Dinoflagellata,Dinophyceae,Suessiales,Symbiodiniaceae,Symbiodinium,NA,NA
OTU_ 196 Uncultured eukaryote,Eukaryota,NA,NA,NA,NA,NA,NA,NA,NA
OTU_ 198 Uncultured eukaryote,Eukaryota,NA,NA,NA,NA,NA,NA,NA,NA
OTU_ 200 Uncultured eukaryote,Eukaryota,NA,NA,NA,NA,NA,NA,NA,NA
OTU_ 205 Symbiodinium Oku03,Eukaryota,Chromalveolata,Dinoflagellata,Dinophyceae,Suessiales,Symbiodiniaceae,Symbiodinium,A,Oku03
OTU_ 206 Uncultured eukaryote,Eukaryota,NA,NA,NA,NA,NA,NA,NA,NA
OTU_ 209 Symbiodinium D1.2,Eukaryota,Chromalveolata,Dinoflagellata,Dinophyceae,Suessiales,Symbiodiniaceae,Symbiodinium,D,D1.2
OTU_ 212 Uncultured eukaryote,Eukaryota,NA,NA,NA,NA,NA,NA,NA,NA
OTU_ 215 Symbiodinium A2,Eukaryota,Chromalveolata,Dinoflagellata,Dinophyceae,Suessiales,Symbiodiniaceae,Symbiodinium,A,A2
OTU_ 221 Symbiodinium G4,Eukaryota,Chromalveolata,Dinoflagellata,Dinophyceae,Suessiales,Symbiodiniaceae,Symbiodinium,G,G4
OTU_ 222 Uncultured eukaryote,Eukaryota,NA,NA,NA,NA,NA,NA,NA,NA
OTU_ 223 Uncultured eukaryote,Eukaryota,NA,NA,NA,NA,NA,NA,NA,NA
OTU_ 225 Symbiodinium HI-0609,Eukaryota,Chromalveolata,Dinoflagellata,Dinophyceae,Suessiales,Symbiodiniaceae,Symbiodinium,H,HI-0609
OTU_ 232 Symbiodinium C,Eukaryota,Chromalveolata,Dinoflagellata,Dinophyceae,Suessiales,Symbiodiniaceae,Symbiodinium,C,C
OTU_ 235 Symbiodinium nr-i2,Eukaryota,Chromalveolata,Dinoflagellata,Dinophyceae,Suessiales,Symbiodiniaceae,Symbiodinium,B?,nr-i2
OTU_ 238 Uncultured eukaryote,Eukaryota,NA,NA,NA,NA,NA,NA,NA,NA
OTU_ 243 Symbiodinium D1.1,Eukaryota,Chromalveolata,Dinoflagellata,Dinophyceae,Suessiales,Symbiodiniaceae,Symbiodinium,D,D1.1
OTU_ 251 Symbiodinium ex,Eukaryota,Chromalveolata,Dinoflagellata,Dinophyceae,Suessiales,Symbiodiniaceae,Symbiodinium,ex,ex
OTU_ 252 Uncultured eukaryote,Eukaryota,NA,NA,NA,NA,NA,NA,NA,NA
OTU_ 254 Symbiodinium microadriaticum,Eukaryota,Chromalveolata,Dinoflagellata,Dinophyceae,Suessiales,Symbiodiniaceae,Symbiodinium,,microadriaticum
OTU_ 260 Uncultured eukaryote,Eukaryota,NA,NA,NA,NA,NA,NA,NA,NA
OTU_ 268 Symbiodinium B16,Eukaryota,Chromalveolata,Dinoflagellata,Dinophyceae,Suessiales,Symbiodiniaceae,Symbiodinium,B,B16
OTU_ 269 Symbiodinium Two0504-8,Eukaryota,Chromalveolata,Dinoflagellata,Dinophyceae,Suessiales,Symbiodiniaceae,Symbiodinium,CD?,Two0504-8
OTU_ 271 Uncultured eukaryote,Eukaryota,NA,NA,NA,NA,NA,NA,NA,NA
OTU_ 272 Uncultured eukaryote,Eukaryota,NA,NA,NA,NA,NA,NA,NA,NA
OTU_ 274 Uncultured eukaryote,Eukaryota,NA,NA,NA,NA,NA,NA,NA,NA
OTU_ 276 Uncultured eukaryote,Eukaryota,NA,NA,NA,NA,NA,NA,NA,NA
OTU_ 277 Symbiodinium D1.2,Eukaryota,Chromalveolata,Dinoflagellata,Dinophyceae,Suessiales,Symbiodiniaceae,Symbiodinium,D,D1.2
OTU_ 284 Uncultured eukaryote,Eukaryota,NA,NA,NA,NA,NA,NA,NA,NA
OTU_ 286 Symbiodinium 1635,Eukaryota,Chromalveolata,Dinoflagellata,Dinophyceae,Suessiales,Symbiodiniaceae,Symbiodinium,C,1635
OTU_ 290 Uncultured Symbiodinium,Eukaryota,Chromalveolata,Dinoflagellata,Dinophyceae,Suessiales,Symbiodiniaceae,Symbiodinium,NA,NA
OTU_ 301 Symbiodinium nr-i4,Eukaryota,Chromalveolata,Dinoflagellata,Dinophyceae,Suessiales,Symbiodiniaceae,Symbiodinium,FD?,nr-i4
OTU_ 303 Symbiodinium 1681,Eukaryota,Chromalveolata,Dinoflagellata,Dinophyceae,Suessiales,Symbiodiniaceae,Symbiodinium,1681,1681
OTU_ 304 Symbiodinium ex,Eukaryota,Chromalveolata,Dinoflagellata,Dinophyceae,Suessiales,Symbiodiniaceae,Symbiodinium,ex,ex
OTU_ 309 Uncultured eukaryote,Eukaryota,NA,NA,NA,NA,NA,NA,NA,NA
OTU_ 311 Uncultured eukaryote,Eukaryota,NA,NA,NA,NA,NA,NA,NA,NA
OTU_ 312 Symbiodinium D1.2,Eukaryota,Chromalveolata,Dinoflagellata,Dinophyceae,Suessiales,Symbiodiniaceae,Symbiodinium,D,D1.2
OTU_ 313 Uncultured organism,Eukaryota,NA,NA,NA,NA,NA,NA,NA,NA
OTU_ 322 Uncultured eukaryote,Eukaryota,NA,NA,NA,NA,NA,NA,NA,NA
OTU_ 327 Uncultured eukaryote,Eukaryota,NA,NA,NA,NA,NA,NA,NA,NA
OTU_ 328 Uncultured organism,Eukaryota,NA,NA,NA,NA,NA,NA,NA,NA
OTU_ 329 Symbiodinium B16,Eukaryota,Chromalveolata,Dinoflagellata,Dinophyceae,Suessiales,Symbiodiniaceae,Symbiodinium,B,B16
OTU_ 331 Symbiodinium D,Eukaryota,Chromalveolata,Dinoflagellata,Dinophyceae,Suessiales,Symbiodiniaceae,Symbiodinium,D,D
OTU_ 335 Uncultured eukaryote,Eukaryota,NA,NA,NA,NA,NA,NA,NA,NA
OTU_ 336 Uncultured eukaryote,Eukaryota,NA,NA,NA,NA,NA,NA,NA,NA
OTU_ 339 Symbiodinium A3,Eukaryota,Chromalveolata,Dinoflagellata,Dinophyceae,Suessiales,Symbiodiniaceae,Symbiodinium,A,A3
OTU_ 340 Symbiodinium C15,Eukaryota,Chromalveolata,Dinoflagellata,Dinophyceae,Suessiales,Symbiodiniaceae,Symbiodinium,C,C15
OTU_ 343 Symbiodinium D1.1,Eukaryota,Chromalveolata,Dinoflagellata,Dinophyceae,Suessiales,Symbiodiniaceae,Symbiodinium,D,D1.1
OTU_ 353 Symbiodinium 1363,Eukaryota,Chromalveolata,Dinoflagellata,Dinophyceae,Suessiales,Symbiodiniaceae,Symbiodinium,f,1363
OTU_ 355 Symbiodinium ex,Eukaryota,Chromalveolata,Dinoflagellata,Dinophyceae,Suessiales,Symbiodiniaceae,Symbiodinium,ex,ex
OTU_ 361 Symbiodinium D1.2,Eukaryota,Chromalveolata,Dinoflagellata,Dinophyceae,Suessiales,Symbiodiniaceae,Symbiodinium,D,D1.2
OTU_ 362 Uncultured eukaryote,Eukaryota,NA,NA,NA,NA,NA,NA,NA,NA
OTU_ 369 Symbiodinium 65,Eukaryota,Chromalveolata,Dinoflagellata,Dinophyceae,Suessiales,Symbiodiniaceae,Symbiodinium,f,65
OTU_ 372 Uncultured organism,Eukaryota,NA,NA,NA,NA,NA,NA,NA,NA
OTU_ 374 Uncultured eukaryote,Eukaryota,NA,NA,NA,NA,NA,NA,NA,NA
OTU_ 391 Uncultured eukaryote,Eukaryota,NA,NA,NA,NA,NA,NA,NA,NA
OTU_ 394 Symbiodinium 1341,Eukaryota,Chromalveolata,Dinoflagellata,Dinophyceae,Suessiales,Symbiodiniaceae,Symbiodinium,f,1341
OTU_ 395 Symbiodinium C1,Eukaryota,Chromalveolata,Dinoflagellata,Dinophyceae,Suessiales,Symbiodiniaceae,Symbiodinium,C,C1
OTU_ 400 Uncultured eukaryote,Eukaryota,NA,NA,NA,NA,NA,NA,NA,NA
OTU_ 405 Uncultured organism,Eukaryota,NA,NA,NA,NA,NA,NA,NA,NA
OTU_ 408 Symbiodinium A3,Eukaryota,Chromalveolata,Dinoflagellata,Dinophyceae,Suessiales,Symbiodiniaceae,Symbiodinium,A,A3
OTU_ 418 Symbiodinium ex,Eukaryota,Chromalveolata,Dinoflagellata,Dinophyceae,Suessiales,Symbiodiniaceae,Symbiodinium,ex,ex
OTU_ 426 Uncultured eukaryote,Eukaryota,NA,NA,NA,NA,NA,NA,NA,NA
OTU_ 438 Uncultured eukaryote,Eukaryota,NA,NA,NA,NA,NA,NA,NA,NA
OTU_ 439 Symbiodinium Two0501-8,Eukaryota,Chromalveolata,Dinoflagellata,Dinophyceae,Suessiales,Symbiodiniaceae,Symbiodinium,H?,Two0501-8
OTU_ 453 Uncultured soil fungus,Eukaryota,NA,NA,NA,NA,NA,NA,NA,NA
OTU_ 456 Uncultured eukaryote,Eukaryota,NA,NA,NA,NA,NA,NA,NA,NA
OTU_ 458 Symbiodinium microadriaticum,Eukaryota,Chromalveolata,Dinoflagellata,Dinophyceae,Suessiales,Symbiodiniaceae,Symbiodinium,,microadriaticum
OTU_ 459 Uncultured eukaryote,Eukaryota,NA,NA,NA,NA,NA,NA,NA,NA
OTU_ 460 Symbiodinium D1a,Eukaryota,Chromalveolata,Dinoflagellata,Dinophyceae,Suessiales,Symbiodiniaceae,Symbiodinium,D,D1a
OTU_ 466 Uncultured eukaryote,Eukaryota,NA,NA,NA,NA,NA,NA,NA,NA
OTU_ 468 Uncultured eukaryote,Eukaryota,NA,NA,NA,NA,NA,NA,NA,NA
OTU_ 476 Symbiodinium A3,Eukaryota,Chromalveolata,Dinoflagellata,Dinophyceae,Suessiales,Symbiodiniaceae,Symbiodinium,A,A3
OTU_ 482 Symbiodinium A3,Eukaryota,Chromalveolata,Dinoflagellata,Dinophyceae,Suessiales,Symbiodiniaceae,Symbiodinium,A,A3
OTU_ 484 Symbiodinium C91,Eukaryota,Chromalveolata,Dinoflagellata,Dinophyceae,Suessiales,Symbiodiniaceae,Symbiodinium,C,C91
OTU_ 487 Symbiodinium ex,Eukaryota,Chromalveolata,Dinoflagellata,Dinophyceae,Suessiales,Symbiodiniaceae,Symbiodinium,ex,ex
OTU_ 491 Symbiodinium A3,Eukaryota,Chromalveolata,Dinoflagellata,Dinophyceae,Suessiales,Symbiodiniaceae,Symbiodinium,A,A3
OTU_ 492 Uncultured eukaryote,Eukaryota,NA,NA,NA,NA,NA,NA,NA,NA
OTU_ 495 Uncultured eukaryote,Eukaryota,NA,NA,NA,NA,NA,NA,NA,NA
OTU_ 496 Uncultured eukaryote,Eukaryota,NA,NA,NA,NA,NA,NA,NA,NA
OTU_ 499 Uncultured eukaryote,Eukaryota,NA,NA,NA,NA,NA,NA,NA,NA
OTU_ 534 Symbiodinium C,Eukaryota,Chromalveolata,Dinoflagellata,Dinophyceae,Suessiales,Symbiodiniaceae,Symbiodinium,C,C
OTU_ 542 Symbiodinium H1,Eukaryota,Chromalveolata,Dinoflagellata,Dinophyceae,Suessiales,Symbiodiniaceae,Symbiodinium,H,H1
OTU_ 552 Uncultured eukaryote,Eukaryota,NA,NA,NA,NA,NA,NA,NA,NA
OTU_ 567 Symbiodinium C1,Eukaryota,Chromalveolata,Dinoflagellata,Dinophyceae,Suessiales,Symbiodiniaceae,Symbiodinium,C,C1
OTU_ 568 Symbiodinium Lp14tiss,Eukaryota,Chromalveolata,Dinoflagellata,Dinophyceae,Suessiales,Symbiodiniaceae,Symbiodinium,AC,Lp14tiss
OTU_ 575 Uncultured eukaryote,Eukaryota,NA,NA,NA,NA,NA,NA,NA,NA
OTU_ 576 Symbiodinium ex,Eukaryota,Chromalveolata,Dinoflagellata,Dinophyceae,Suessiales,Symbiodiniaceae,Symbiodinium,ex,ex
OTU_ 584 Symbiodinium clade_A,Eukaryota,Chromalveolata,Dinoflagellata,Dinophyceae,Suessiales,Symbiodiniaceae,Symbiodinium,A,A
OTU_ 590 Uncultured Symbiodinium,Eukaryota,Chromalveolata,Dinoflagellata,Dinophyceae,Suessiales,Symbiodiniaceae,Symbiodinium,NA,NA
OTU_ 598 Uncultured soil euk,Eukaryota,NA,NA,NA,NA,NA,NA,NA,NA
OTU_ 603 Symbiodinium F4.5,Eukaryota,Chromalveolata,Dinoflagellata,Dinophyceae,Suessiales,Symbiodiniaceae,Symbiodinium,F,F4.5
OTU_ 604 Uncultured eukaryote,Eukaryota,NA,NA,NA,NA,NA,NA,NA,NA
OTU_ 605 Uncultured eukaryote,Eukaryota,NA,NA,NA,NA,NA,NA,NA,NA
OTU_ 614 Uncultured eukaryote,Eukaryota,NA,NA,NA,NA,NA,NA,NA,NA
OTU_ 629 Uncultured eukaryote,Eukaryota,NA,NA,NA,NA,NA,NA,NA,NA
OTU_ 631 Uncultured eukaryote,Eukaryota,NA,NA,NA,NA,NA,NA,NA,NA
OTU_ 638 Uncultured eukaryote,Eukaryota,NA,NA,NA,NA,NA,NA,NA,NA
OTU_ 641 Uncultured eukaryote,Eukaryota,NA,NA,NA,NA,NA,NA,NA,NA
OTU_ 647 Symbiodinium D1,Eukaryota,Chromalveolata,Dinoflagellata,Dinophyceae,Suessiales,Symbiodiniaceae,Symbiodinium,D,D1
OTU_ 653 Uncultured eukaryote,Eukaryota,NA,NA,NA,NA,NA,NA,NA,NA
OTU_ 655 Uncultured eukaryote,Eukaryota,NA,NA,NA,NA,NA,NA,NA,NA
OTU_ 656 Symbiodinium A3,Eukaryota,Chromalveolata,Dinoflagellata,Dinophyceae,Suessiales,Symbiodiniaceae,Symbiodinium,A,A3
OTU_ 659 Symbiodinium OTcH-2,Eukaryota,Chromalveolata,Dinoflagellata,Dinophyceae,Suessiales,Symbiodiniaceae,Symbiodinium,OTcH-2,OTcH-2
OTU_ 661 Symbiodinium C1,Eukaryota,Chromalveolata,Dinoflagellata,Dinophyceae,Suessiales,Symbiodiniaceae,Symbiodinium,C,C1
OTU_ 663 Uncultured Symbiodinium,Eukaryota,Chromalveolata,Dinoflagellata,Dinophyceae,Suessiales,Symbiodiniaceae,Symbiodinium,NA,NA
OTU_ 664 Symbiodinium microadriaticum,Eukaryota,Chromalveolata,Dinoflagellata,Dinophyceae,Suessiales,Symbiodiniaceae,Symbiodinium,,microadriaticum
OTU_ 665 Symbiodinium A3,Eukaryota,Chromalveolata,Dinoflagellata,Dinophyceae,Suessiales,Symbiodiniaceae,Symbiodinium,A,A3
OTU_ 674 Symbiodinium A3,Eukaryota,Chromalveolata,Dinoflagellata,Dinophyceae,Suessiales,Symbiodiniaceae,Symbiodinium,A,A3
OTU_ 678 Symbiodinium D,Eukaryota,Chromalveolata,Dinoflagellata,Dinophyceae,Suessiales,Symbiodiniaceae,Symbiodinium,D,D
OTU_ 681 Uncultured organism,Eukaryota,NA,NA,NA,NA,NA,NA,NA,NA
OTU_ 687 Uncultured Symbiodinium,Eukaryota,Chromalveolata,Dinoflagellata,Dinophyceae,Suessiales,Symbiodiniaceae,Symbiodinium,NA,NA
OTU_ 714 Uncultured eukaryote,Eukaryota,NA,NA,NA,NA,NA,NA,NA,NA
OTU_ 716 Symbiodinium C1,Eukaryota,Chromalveolata,Dinoflagellata,Dinophyceae,Suessiales,Symbiodiniaceae,Symbiodinium,C,C1
OTU_ 725 Symbiodinium A3,Eukaryota,Chromalveolata,Dinoflagellata,Dinophyceae,Suessiales,Symbiodiniaceae,Symbiodinium,A,A3
OTU_ 727 Symbiodinium D1a,Eukaryota,Chromalveolata,Dinoflagellata,Dinophyceae,Suessiales,Symbiodiniaceae,Symbiodinium,D,D1a
OTU_ 730 Symbiodinium G4,Eukaryota,Chromalveolata,Dinoflagellata,Dinophyceae,Suessiales,Symbiodiniaceae,Symbiodinium,G,G4
OTU_ 736 Symbiodinium A3,Eukaryota,Chromalveolata,Dinoflagellata,Dinophyceae,Suessiales,Symbiodiniaceae,Symbiodinium,A,A3
OTU_ 737 Symbiodinium D1a,Eukaryota,Chromalveolata,Dinoflagellata,Dinophyceae,Suessiales,Symbiodiniaceae,Symbiodinium,D,D1a
OTU_ 743 Symbiodinium C1,Eukaryota,Chromalveolata,Dinoflagellata,Dinophyceae,Suessiales,Symbiodiniaceae,Symbiodinium,C,C1
OTU_ 746 Symbiodinium microadriaticum,Eukaryota,Chromalveolata,Dinoflagellata,Dinophyceae,Suessiales,Symbiodiniaceae,Symbiodinium,,microadriaticum
OTU_ 747 Symbiodinium 1635,Eukaryota,Chromalveolata,Dinoflagellata,Dinophyceae,Suessiales,Symbiodiniaceae,Symbiodinium,C,1635
OTU_ 748 Symbiodinium D1a,Eukaryota,Chromalveolata,Dinoflagellata,Dinophyceae,Suessiales,Symbiodiniaceae,Symbiodinium,D,D1a
OTU_ 751 Uncultured eukaryote,Eukaryota,NA,NA,NA,NA,NA,NA,NA,NA
OTU_ 755 Uncultured stramenopile,Eukaryota,NA,NA,NA,NA,NA,NA,NA,NA
OTU_ 756 Symbiodinium D1a,Eukaryota,Chromalveolata,Dinoflagellata,Dinophyceae,Suessiales,Symbiodiniaceae,Symbiodinium,D,D1a
OTU_ 762 Symbiodinium C1,Eukaryota,Chromalveolata,Dinoflagellata,Dinophyceae,Suessiales,Symbiodiniaceae,Symbiodinium,C,C1
OTU_ 768 Symbiodinium C,Eukaryota,Chromalveolata,Dinoflagellata,Dinophyceae,Suessiales,Symbiodiniaceae,Symbiodinium,C,C
OTU_ 772 Symbiodinium B2,Eukaryota,Chromalveolata,Dinoflagellata,Dinophyceae,Suessiales,Symbiodiniaceae,Symbiodinium,B,B2
OTU_ 773 Symbiodinium HI-0509,Eukaryota,Chromalveolata,Dinoflagellata,Dinophyceae,Suessiales,Symbiodiniaceae,Symbiodinium,A,HI-0509
OTU_ 774 Uncultured Symbiodinium,Eukaryota,Chromalveolata,Dinoflagellata,Dinophyceae,Suessiales,Symbiodiniaceae,Symbiodinium,NA,NA
OTU_ 779 Symbiodinium A3,Eukaryota,Chromalveolata,Dinoflagellata,Dinophyceae,Suessiales,Symbiodiniaceae,Symbiodinium,A,A3
OTU_ 782 Symbiodinium A3,Eukaryota,Chromalveolata,Dinoflagellata,Dinophyceae,Suessiales,Symbiodiniaceae,Symbiodinium,A,A3
OTU_ 789 Symbiodinium C1,Eukaryota,Chromalveolata,Dinoflagellata,Dinophyceae,Suessiales,Symbiodiniaceae,Symbiodinium,C,C1
OTU_ 797 Symbiodinium C1,Eukaryota,Chromalveolata,Dinoflagellata,Dinophyceae,Suessiales,Symbiodiniaceae,Symbiodinium,C,C1
OTU_ 799 Symbiodinium A3,Eukaryota,Chromalveolata,Dinoflagellata,Dinophyceae,Suessiales,Symbiodiniaceae,Symbiodinium,A,A3
OTU_ 800 Symbiodinium C,Eukaryota,Chromalveolata,Dinoflagellata,Dinophyceae,Suessiales,Symbiodiniaceae,Symbiodinium,C,C
OTU_ 803 Symbiodinium C1,Eukaryota,Chromalveolata,Dinoflagellata,Dinophyceae,Suessiales,Symbiodiniaceae,Symbiodinium,C,C1
OTU_ 807 Uncultured eukaryote,Eukaryota,NA,NA,NA,NA,NA,NA,NA,NA
OTU_ 811 Symbiodinium D1a,Eukaryota,Chromalveolata,Dinoflagellata,Dinophyceae,Suessiales,Symbiodiniaceae,Symbiodinium,D,D1a
OTU_ 813 Uncultured eukaryote,Eukaryota,NA,NA,NA,NA,NA,NA,NA,NA
OTU_ 821 Uncultured organism,Eukaryota,NA,NA,NA,NA,NA,NA,NA,NA
